City_ID,City,Lat,Lng,Max Temp,Humidity,Cloudiness,Wind Speed,Country,Date
0,lazaro cardenas,17.9583,-102.2,70.03,75,23,3.83,MX,1738322074
1,lihue,21.9789,-159.3672,72.99,78,0,23.02,US,1738322075
2,grytviken,-54.2811,-36.5092,48.47,75,94,16.8,GS,1738322076
3,dudinka,69.4058,86.1778,-8.05,97,100,14.0,RU,1738322077
4,puerto ayora,-0.7393,-90.3518,75.54,98,66,2.84,EC,1738322078
5,cill airne,52.05,-9.5167,37.45,100,20,4.61,IE,1738322080
6,lospalos,-8.5186,127.0025,74.71,93,89,0.58,TL,1738322081
7,cradock,-32.1642,25.6192,93.56,17,0,13.35,ZA,1738322082
8,port alfred,-33.5906,26.891,79.18,77,25,7.0,ZA,1738322083
9,anadyr,64.75,177.4833,-3.5,76,75,15.01,RU,1738322084
10,tura,25.5198,90.2201,73.98,35,1,3.58,IN,1738322085
11,iskateley,67.6803,53.1512,2.84,98,52,6.2,RU,1738322086
12,margaret river,-33.95,115.0667,68.4,75,12,13.82,AU,1738322087
13,jamestown,42.097,-79.2353,38.84,72,100,3.44,US,1738322088
14,papatowai,-46.5619,169.4708,53.92,82,67,5.12,NZ,1738322089
15,nar'yan-mar,67.6713,53.087,3.07,98,54,6.38,RU,1738322090
16,puerto el triunfo,13.2833,-88.55,75.67,69,0,4.21,SV,1738322092
17,port-aux-francais,-49.35,70.2167,41.61,78,8,40.44,TF,1738322093
18,carnarvon,-24.8667,113.6333,82.8,75,29,19.51,AU,1738322094
19,aoulef,26.9667,1.0833,66.09,16,11,18.39,DZ,1738322095
20,barcelos,41.5388,-8.6151,51.87,57,90,3.18,PT,1738322096
21,utrik,11.2278,169.8474,79.38,72,98,12.12,MH,1738322097
22,blackmans bay,-43.0167,147.3167,62.73,79,47,7.23,AU,1738322098
23,kone,-21.0595,164.8658,76.77,83,97,4.74,NC,1738322101
24,al ghayzah,16.2079,52.176,83.86,25,9,7.02,YE,1738322102
25,bredasdorp,-34.5322,20.0403,78.89,38,11,20.78,ZA,1738322103
26,aleksandrovsk,59.158,57.5624,33.8,100,100,6.44,RU,1738322104
27,ailuk,10.2197,169.9797,79.68,74,97,13.29,MH,1738322105
28,ribeira grande,38.5167,-28.7,64.8,88,40,18.01,PT,1738322106
29,melekeok village,7.4957,134.6367,82.17,78,76,21.21,PW,1738322107
30,khovd,48.0056,91.6419,-0.99,94,67,3.8,MN,1738322108
31,boa vista,2.8197,-60.6733,75.18,83,0,8.05,BR,1738322109
32,tashtyp,52.7939,89.8983,17.85,96,100,1.59,RU,1738322110
33,hawaiian paradise park,19.5933,-154.9731,78.31,82,0,5.01,US,1738322112
34,adamstown,-25.066,-130.1015,76.19,71,98,14.23,PN,1738322113
35,nemuro,43.3236,145.575,29.5,74,100,18.66,JP,1738322114
36,pingliang,35.5392,106.6861,26.49,81,36,3.13,CN,1738322115
37,badger,64.8,-147.5333,-28.95,73,0,4.61,US,1738322116
38,ilulissat,69.2167,-51.1,23.02,39,40,18.41,GL,1738322117
39,rio branco,-9.9747,-67.81,75.81,94,75,2.3,BR,1738322118
40,bubaque,11.2833,-15.8333,77.02,47,1,13.8,GW,1738322119
41,ust-nera,64.5667,143.2,-39.1,99,81,4.27,RU,1738322120
42,metro,-5.1131,105.3067,79.97,77,100,3.65,ID,1738322121
43,bilibino,68.0546,166.4372,-43.01,100,100,1.59,RU,1738322123
44,east london,-33.0153,27.9116,78.12,67,69,18.52,ZA,1738322124
45,isafjordur,66.0755,-23.124,35.64,51,100,16.11,IS,1738322125
46,west island,-12.1568,96.8225,80.58,94,75,5.75,CC,1738322126
47,constantia,44.1833,28.65,47.08,74,100,7.09,RO,1738322127
48,hermanus,-34.4187,19.2345,71.8,61,10,18.48,ZA,1738322128
49,pont rouge,48.8833,-72.0825,1.31,98,100,5.14,CA,1738322129
50,kattivakkam,13.2167,80.3167,87.15,72,17,9.26,IN,1738322130
51,greymouth,-42.4667,171.2,55.26,90,100,2.91,NZ,1738322131
52,gulu,2.7746,32.299,86.86,18,92,5.7,UG,1738322132
53,fortuna,40.5982,-124.1573,49.12,86,100,25.32,US,1738322133
54,yaren,-0.5472,166.916,80.92,78,79,15.95,NR,1738322135
55,chernyshevskiy,63.0128,112.4714,-31.04,100,39,1.12,RU,1738322136
56,vorgashor,67.5833,63.95,-11.18,99,34,3.67,RU,1738322137
57,labytnangi,66.6572,66.4183,-14.82,100,96,1.68,RU,1738322138
58,punta arenas,-53.15,-70.9167,42.91,87,20,1.14,CL,1738321858
59,chuka,-0.3332,37.6459,80.15,43,22,9.51,KE,1738322140
60,iqaluit,63.7506,-68.5145,-6.14,85,100,13.65,CA,1738322141
61,san luis de la loma,17.2706,-100.8939,73.71,59,4,4.21,MX,1738322143
62,flying fish cove,-10.4217,105.6791,76.68,94,100,11.5,CX,1738322144
63,puerto natales,-51.7236,-72.4875,48.65,71,40,6.91,CL,1738322146
64,cockburn town,21.4612,-71.1419,77.16,76,64,24.81,TC,1738322147
65,bethel,41.3712,-73.414,35.01,85,100,1.99,US,1738322148
66,fort bragg,35.139,-79.006,49.84,81,75,0.0,US,1738322149
67,prince albert,53.2001,-105.7677,-24.56,100,92,4.05,CA,1738322150
68,port elizabeth,-33.918,25.5701,77.31,81,33,10.0,ZA,1738322151
69,uturoa,-16.7333,-151.4333,82.69,75,4,16.24,PF,1738322152
70,tiksi,71.6872,128.8694,-20.07,100,100,2.93,RU,1738322153
71,fale old settlement,-9.3852,-171.2468,83.48,75,98,19.6,TK,1738322154
72,thompson,55.7435,-97.8558,-28.03,96,8,5.95,CA,1738322155
73,petropavlovsk-kamchatsky,53.0452,158.6483,27.19,43,75,22.37,RU,1738322156
74,albany,42.6001,-73.9662,31.86,72,100,3.0,US,1738322159
75,mompos,9.2419,-74.4267,75.36,87,73,3.09,CO,1738322160
76,novobod,39.0108,70.1508,24.87,86,12,0.02,TJ,1738322161
77,keflavik,64.0049,-22.5624,39.63,70,75,37.98,IS,1738322162
78,yellowknife,62.456,-114.3525,-33.3,99,24,5.7,CA,1738322163
79,ninghai,29.2892,121.4247,52.99,98,100,2.48,CN,1738322164
80,owen sound,44.5672,-80.9435,27.32,99,45,1.68,CA,1738322165
81,horta,38.5333,-28.6333,64.04,92,40,18.01,PT,1738322166
82,longyearbyen,78.2186,15.6401,28.24,80,75,10.36,SJ,1738322168
83,taungoo,18.9333,96.4333,84.7,21,20,1.01,MM,1738322170
84,machico,32.7,-16.7667,68.0,63,20,18.41,PT,1738322171
85,bereznik,62.8551,42.7072,34.92,97,99,7.29,RU,1738322172
86,rongelap,11.1635,166.8941,79.66,69,58,14.92,MH,1738322175
87,nadym,65.5333,72.5167,-7.4,98,93,10.2,RU,1738322177
88,edinburgh of the seven seas,-37.0676,-12.3116,61.54,65,77,14.18,SH,1738322178
89,talnakh,69.4865,88.3972,-5.94,98,100,7.4,RU,1738322179
90,batticaloa,7.7102,81.6924,80.62,81,45,10.58,LK,1738322180
91,kolonia town,6.964,158.206,82.47,70,100,20.78,FM,1738322181
92,vilyuchinsk,52.9306,158.4028,28.67,76,100,10.4,RU,1738322182
93,farasan,16.7022,42.1183,79.02,73,58,8.7,SA,1738322183
94,sinan,34.8262,126.1086,40.89,93,100,12.71,KR,1738322184
95,atafu village,-8.5421,-172.5159,82.44,76,71,17.83,TK,1738322185
96,magadan,59.5667,150.8,-10.23,78,1,9.1,RU,1738322186
97,invercargill,-46.4,168.35,60.03,79,70,1.9,NZ,1738322188
98,costa rica,-23.4167,-54.65,74.48,79,100,5.14,BR,1738322189
99,happy valley-goose bay,53.3168,-60.3315,-5.37,69,78,15.3,CA,1738322190
100,udachny,66.4167,112.4,-24.86,95,87,2.21,RU,1738322191
101,klyuchi,52.2667,79.1667,8.55,93,100,7.78,RU,1738322192
102,la plata,-34.9215,-57.9545,73.33,63,0,10.18,AR,1738322193
103,ciudad lazaro cardenas,17.9583,-102.2,70.03,75,23,3.83,MX,1738322194
104,novokubansk,45.117,41.0267,57.58,41,30,8.52,RU,1738322195
105,waitangi,-43.9535,-176.5597,56.82,90,26,3.0,NZ,1738322196
106,afaahiti,-17.75,-149.2833,79.11,83,31,16.15,PF,1738322197
107,adamovka,51.5223,59.9396,29.77,95,98,10.49,RU,1738322198
108,mili,6.0815,171.735,81.36,80,52,18.86,MH,1738322200
109,college,64.8569,-147.8028,-28.91,72,0,4.61,US,1738322201
110,la passe,45.5549,-0.8967,45.5,72,2,4.34,FR,1738322202
111,san pedro pochutla,15.7333,-96.4667,71.71,73,0,3.47,MX,1738322203
112,jolo,6.05,121.0167,78.06,89,46,1.54,PH,1738322204
113,aasiaat,68.7098,-52.8699,8.83,74,28,15.1,GL,1738322205
114,ak-dovurak,51.1833,90.6,1.9,94,100,1.81,RU,1738322206
115,geraldton,-28.7667,114.6,81.01,74,0,19.57,AU,1738322207
116,kodiak,57.79,-152.4072,18.91,73,0,10.36,US,1738322208
117,zaozersk,69.4005,32.4476,26.82,97,100,0.96,RU,1738322210
118,alpine,32.835,-116.7664,41.86,92,0,0.0,US,1738322211
119,al burayqah,30.4062,19.5739,63.45,47,0,7.31,LY,1738322212
120,lompoc,34.6391,-120.4579,45.32,83,100,4.61,US,1738322213
121,hirara,24.8,125.2833,66.47,88,75,5.75,JP,1738322214
122,kikwit,-5.041,18.8162,90.61,44,89,3.38,CD,1738322215
123,ebon,4.582,168.6964,81.99,79,18,16.87,MH,1738322216
124,alofi,-19.0595,-169.9187,76.89,94,20,3.44,NU,1738322217
125,monterey,36.2505,-121.2516,40.95,86,100,2.59,US,1738322218
126,novyy urgal,51.0736,132.5642,-11.67,100,100,1.48,RU,1738322219
127,baruun-urt,46.6806,113.2792,-7.51,91,69,2.93,MN,1738322221
128,hithadhoo,-0.6,73.0833,82.33,73,84,13.82,MV,1738322222
129,haci zeynalabdin,40.6233,49.5586,51.85,57,41,20.04,AZ,1738322223
130,hamilton,39.1834,-84.5333,45.97,95,100,5.75,US,1738322224
131,shahin dezh,36.6793,46.5669,46.69,17,2,1.32,IR,1738322227
132,port mathurin,-19.6833,63.4167,80.55,86,98,22.68,MU,1738322228
133,villa gesell,-37.2639,-56.973,70.83,72,0,10.0,AR,1738322314
134,ulladulla,-35.35,150.4667,67.42,89,99,2.19,AU,1738322315
135,debre tabor,11.85,38.0167,68.02,35,79,5.73,ET,1738322316
136,tralee,52.2704,-9.7026,39.45,100,20,2.3,IE,1738322317
137,warmbaths,-24.8833,28.2833,91.26,29,10,11.59,ZA,1738322318
138,stephenville,32.2207,-98.2023,50.13,49,0,14.97,US,1738322319
139,kashgar,39.4547,75.9797,40.21,22,0,6.71,CN,1738322320
140,kazanskoye,55.6448,69.235,-0.85,97,73,3.71,RU,1738322321
141,salinas,36.6777,-121.6555,46.92,91,75,3.44,US,1738322322
142,qaqortoq,60.7167,-46.0333,23.79,88,100,14.2,GL,1738322323
143,urucara,-2.5364,-57.76,74.37,96,71,1.99,BR,1738322324
144,enewetak,11.3474,162.3373,80.67,79,71,17.74,MH,1738322326
145,ushuaia,-54.8,-68.3,47.86,66,20,4.61,AR,1738322327
146,pontes e lacerda,-15.2261,-59.3353,73.22,94,98,1.28,BR,1738322328
147,upington,-28.4478,21.2561,89.8,10,4,10.54,ZA,1738322330
148,pacocha,-17.5833,-71.3333,69.69,89,94,3.2,PE,1738322331
149,rafraf,37.1904,10.1837,57.61,55,27,4.65,TN,1738322332
150,murzuq,25.9155,13.9184,67.86,23,42,19.51,LY,1738322333
151,rengasdengklok,-6.1592,107.2981,78.22,83,88,6.46,ID,1738322334
152,saipan,15.1355,145.701,83.1,81,40,18.41,MP,1738322336
153,verkhnevilyuysk,63.4453,120.3167,-32.21,100,85,1.92,RU,1738322337
154,makoua,0.0069,15.6333,101.61,16,52,1.83,CG,1738322338
155,brezina,33.0989,1.2608,48.18,52,100,25.34,DZ,1738322340
156,egilsstadir,65.2653,-14.3948,26.51,86,75,9.22,IS,1738322341
157,euclides da cunha,-10.5075,-39.0158,75.13,65,20,7.63,BR,1738322342
158,porto velho,-8.7619,-63.9039,75.25,94,75,4.61,BR,1738322343
159,vikulovo,56.8167,70.6107,-0.96,97,67,3.69,RU,1738322344
160,yulinshi,38.2906,109.7494,29.19,48,63,3.71,CN,1738322345
161,igrim,63.1906,64.4162,3.45,96,100,7.36,RU,1738322347
162,kuytun,54.3419,101.5036,-18.08,100,83,1.43,RU,1738322348
163,jaisinghnagar,23.7,81.3833,86.58,13,1,9.73,IN,1738322349
164,kapit,2.0167,112.9333,75.15,99,100,2.93,MY,1738322350
165,mahina,-17.5065,-149.489,80.37,74,4,3.44,PF,1738322351
166,obo,5.3998,26.4869,95.67,11,74,6.64,CF,1738322352
167,coronel dorrego,-38.7187,-61.2873,73.45,48,0,20.49,AR,1738322353
168,kingston,17.997,-76.7936,76.15,88,40,8.05,JM,1738322354
169,ust-tsilma,65.441,52.1498,22.95,97,100,3.96,RU,1738322355
170,rio preto da eva,-2.6994,-59.6997,73.81,97,100,1.1,BR,1738322356
171,avarua,-21.2078,-159.775,80.65,83,20,6.91,CK,1738322357
172,belmonte,-15.8631,-38.8828,80.08,76,88,2.37,BR,1738322359
173,palmerton,40.8015,-75.6102,35.15,92,100,0.0,US,1738322360
174,alice springs,-23.7,133.8833,89.15,12,1,8.05,AU,1738322361
175,nova vicosa,-17.8919,-39.3719,80.69,73,100,5.12,BR,1738322362
176,codrington,-38.2667,141.9667,59.18,79,7,10.78,AU,1738322363
177,lebu,-37.6167,-73.65,57.06,80,1,6.17,CL,1738322364
178,robertsport,6.7533,-11.3686,82.09,77,42,2.44,LR,1738322365
179,punta del este,-34.9667,-54.95,71.71,87,20,2.3,UY,1738322366
180,salinopolis,-0.6136,-47.3561,78.37,89,100,9.71,BR,1738322367
181,mazamari,-11.3258,-74.5308,66.79,95,100,1.59,PE,1738322368
182,sandnessjoen,66.0217,12.6316,35.71,87,75,5.75,NO,1738322370
183,dedougou,12.4667,-3.4667,88.09,9,1,10.67,BF,1738322371
184,shani,10.2162,12.062,90.27,12,8,6.02,NG,1738322372
185,baidoa,3.1138,43.6498,94.08,20,5,15.99,SO,1738322373
186,kavieng,-2.5744,150.7967,83.68,74,51,9.93,PG,1738322374
187,matoury,4.8483,-52.3317,78.76,89,75,2.3,GF,1738322375
188,bamusso,4.4591,8.9027,88.34,55,62,4.74,CM,1738322376
189,itaituba,-4.2761,-55.9836,75.36,100,100,2.3,BR,1738322377
190,kudligi,14.9,76.3833,90.48,17,28,1.95,IN,1738322378
191,vadso,70.0744,29.7487,30.36,93,100,5.75,NO,1738322379
192,queenstown,-31.8976,26.8753,95.97,14,0,21.18,ZA,1738322380
193,mont-dore,-22.2833,166.5833,78.39,82,67,10.07,NC,1738322382
194,cabo san lucas,22.8909,-109.9124,57.76,59,9,3.62,MX,1738322150
195,khonsa,27.0167,95.5667,57.99,91,54,2.33,IN,1738322384
196,tonj,7.2737,28.6822,94.21,10,40,7.27,SS,1738322385
197,brisas de zicatela,15.8369,-97.0419,75.42,71,0,4.45,MX,1738322386
198,rio grande,-32.035,-52.0986,73.51,68,59,6.89,BR,1738322387
199,mount pearl,47.5166,-52.7813,16.14,73,40,32.21,CA,1738322388
200,palikir - national government center,6.9248,158.1611,81.45,70,100,20.76,FM,1738322389
201,alta,69.9689,23.2717,20.46,86,75,3.44,NO,1738322390
202,vila velha,-20.3297,-40.2925,84.15,65,20,11.5,BR,1738322391
203,balsas,-7.5325,-46.0356,76.03,85,100,2.33,BR,1738322393
204,qurayyat,31.3318,37.3428,64.58,20,0,4.61,SA,1738322394
205,krasnovishersk,60.4078,57.082,31.19,99,100,4.81,RU,1738322396
206,revda,56.801,59.9303,29.23,92,100,7.94,RU,1738322397
207,wailua homesteads,22.0669,-159.378,74.12,70,0,23.02,US,1738322398
208,san patricio,28.017,-97.5169,53.55,60,100,9.15,US,1738322399
209,chop,48.432,22.2055,48.43,82,100,5.3,UA,1738322400
210,puerto aysen,-45.4,-72.7,46.26,99,75,4.61,CL,1738322401
211,san salvador de jujuy,-24.1946,-65.2971,69.33,84,1,2.62,AR,1738322403
212,taulaga,-11.0553,-171.0883,83.82,71,86,19.42,AS,1738322404
213,tshabong,-26.05,22.45,97.45,16,6,11.21,BW,1738322405
214,kalisz,51.7611,18.091,38.82,93,100,14.85,PL,1738322406
215,ezhva,61.8128,50.7283,33.58,100,100,8.95,RU,1738322407
216,bridgetown,13.1,-59.6167,75.69,88,75,14.97,BB,1738322408
217,sao joao del rei,-21.1356,-44.2617,63.5,98,100,3.51,BR,1738322409
218,mora,11.0461,14.1401,82.83,13,3,5.99,CM,1738322412
219,galle,6.0367,80.217,82.92,83,68,3.58,LK,1738322413
220,ha'il,27.5219,41.6907,60.82,29,0,4.61,SA,1738322414
221,grande prairie,55.1667,-118.8027,3.38,85,100,6.91,CA,1738322415
222,urumqi,43.801,87.6005,22.15,80,100,0.0,CN,1738322416
223,vorkuta,67.5,64.0,-12.05,100,36,3.33,RU,1738322417
224,malpura,26.2833,75.3833,79.48,17,2,4.32,IN,1738322418
225,colonia,50.9333,6.95,43.95,86,100,5.75,DE,1738322419
226,darnah,32.767,22.6367,62.24,60,0,11.83,LY,1738322420
227,lyubymivka,46.8106,33.5686,49.84,70,100,4.03,UA,1738322421
228,abra pampa,-22.7205,-65.697,50.22,71,5,0.96,AR,1738322423
229,aoji,42.5206,130.3953,8.74,90,1,4.29,KP,1738322424
230,al muwayh,22.4333,41.7583,72.1,27,0,15.19,SA,1738322425
231,pelabuhanratu,-6.9875,106.5514,83.07,72,89,8.5,ID,1738322426
232,abong mbang,3.9833,13.1833,93.7,11,98,3.18,CM,1738322427
233,susuman,62.7833,148.1667,-41.78,99,72,0.65,RU,1738322428
234,st. john's,47.5649,-52.7093,16.97,70,40,32.21,CA,1738322429
235,linares,-35.85,-71.6,50.74,72,0,3.6,CL,1738322430
236,great falls,47.5002,-111.3008,41.45,51,0,16.11,US,1738322431
237,loutraki,37.9783,22.9778,61.68,66,3,9.82,GR,1738322432
238,stanley,54.868,-1.6985,37.42,94,75,1.14,GB,1738322434
239,remire-montjoly,4.9167,-52.2667,78.84,89,75,2.3,GF,1738322435
240,nadi,-17.8,177.4167,75.2,100,75,0.0,FJ,1738322436
241,howrah,22.5892,88.3103,80.6,74,75,4.61,IN,1738322437
242,chinchilla,-26.75,150.6333,82.02,67,68,4.0,AU,1738322438
243,barguzin,53.6167,109.6167,-13.61,94,32,1.36,RU,1738322439
244,kilindoni,-7.9139,39.6668,83.5,76,24,15.73,TZ,1738322440
245,peace river,56.2501,-117.286,-1.89,77,100,9.22,CA,1738322441
246,cidreira,-30.1811,-50.2056,75.25,77,89,4.92,BR,1738322442
247,mount gambier,-37.8333,140.7667,59.67,75,3,9.4,AU,1738322443
248,ambodifotatra,-16.9833,49.85,84.6,77,10,17.27,MG,1738322444
249,coquimbo,-29.9533,-71.3436,60.53,94,100,3.44,CL,1738322446
250,siracusa,37.0881,15.2792,59.32,76,97,1.99,IT,1738322447
251,dakhla,23.6848,-15.958,64.42,59,0,32.21,EH,1738322448
252,heist-op-den-berg,51.0761,4.7245,42.82,85,96,5.01,BE,1738322449
253,harstad,68.799,16.5293,36.16,87,100,8.99,NO,1738322450
254,seven pagodas,12.6264,80.1722,80.71,76,18,11.14,IN,1738322451
255,sao joao da barra,-21.6403,-41.0511,82.49,83,100,11.72,BR,1738322452
256,lillehammer,61.1146,10.4674,30.92,90,86,4.18,NO,1738322453
257,kerikeri,-35.2268,173.9474,59.63,87,55,1.81,NZ,1738322454
258,byaroza,52.5314,24.9786,44.74,72,100,6.76,BY,1738322455
259,mumford,5.2618,-0.759,83.71,70,61,8.16,GH,1738322458
260,mount isa,-20.7333,139.5,96.57,20,1,8.05,AU,1738322459
261,vernon,50.2581,-119.2691,30.92,89,100,2.3,CA,1738322460
262,the pas,53.8251,-101.2541,-23.78,76,0,3.44,CA,1738322461
263,christchurch,-43.5333,172.6333,62.33,88,100,3.44,NZ,1738322462
264,essaouira,31.5125,-9.77,63.9,36,20,16.11,MA,1738322463
265,santa elena de uairen,4.6167,-61.1333,63.41,93,84,4.07,VE,1738322464
266,bonthe,7.5264,-12.505,87.75,60,4,2.3,SL,1738322465
267,olonkinbyen,70.9221,-8.7187,28.45,94,100,28.34,SJ,1738322466
268,sao bento,-6.2833,-37.75,77.43,63,76,8.21,BR,1738322468
269,south sioux city,42.4739,-96.4136,28.8,84,0,16.11,US,1738322469
270,andalgala,-27.5819,-66.3165,76.33,49,0,1.92,AR,1738322470
271,kloulklubed,7.0419,134.2556,83.26,79,100,23.89,PW,1738322471
272,laguna,38.421,-121.4238,43.97,87,0,5.75,US,1738322472
273,yuanping,38.7153,112.7575,29.23,54,61,1.54,CN,1738322473
274,al jawf,29.5,38.75,63.18,19,0,4.79,SA,1738322474
275,ciudad del este,-25.5167,-54.6167,75.81,83,0,6.91,PY,1738322475
276,la foa,-21.7108,165.8276,80.87,70,49,3.42,NC,1738322476
277,kapuskasing,49.4169,-82.4331,-2.2,84,100,3.44,CA,1738322478
278,whitehorse,60.7161,-135.0538,-9.98,76,100,13.8,CA,1738322479
279,kununurra,-15.7667,128.7333,85.98,74,100,6.91,AU,1738322480
280,asti,44.8979,8.2068,47.14,91,100,2.33,IT,1738322481
281,icano,-28.9193,-65.3282,73.27,62,0,6.71,AR,1738322483
282,shuangjiang,26.1547,109.7138,48.42,92,100,4.63,CN,1738322484
283,richards bay,-28.783,32.0377,93.74,49,8,10.89,ZA,1738322485
284,aripuana,-9.1667,-60.6333,72.09,97,100,0.25,BR,1738322486
285,malanje,-9.5402,16.341,75.78,64,100,7.31,AO,1738322489
286,nizhniy kuranakh,58.8353,125.4869,-15.34,99,100,0.94,RU,1738322490
287,praia da vitoria,38.7333,-27.0667,62.85,88,75,21.68,PT,1738322491
288,inari,68.906,27.0288,14.2,97,100,3.44,FI,1738322492
289,acarigua,9.5545,-69.1956,75.69,77,84,3.44,VE,1738322493
290,portland,45.5234,-122.6762,43.88,94,100,11.99,US,1738322393
291,cascais,38.6979,-9.4215,58.55,59,20,11.5,PT,1738322495
292,canutama,-6.5339,-64.3831,72.86,99,98,1.05,BR,1738322496
293,margate,51.3813,1.3862,43.88,88,100,1.01,GB,1738322497
294,oranjemund,-28.55,16.4333,71.51,65,22,14.56,NA,1738322498
295,chililabombwe,-12.3648,27.8229,71.82,79,97,8.66,ZM,1738322500
296,dausa,26.8833,76.3333,78.69,19,1,5.66,IN,1738322501
297,palu,-0.8917,119.8707,77.16,100,100,1.48,ID,1738322502
298,midvagur,62.0511,-7.1939,41.83,75,100,18.41,FO,1738322503
299,benguela,-12.5763,13.4055,76.68,80,100,4.07,AO,1738322504
300,kavaratti,10.5669,72.642,81.75,71,86,5.95,IN,1738322505
301,slawharad,53.4446,31.0014,45.3,70,67,11.88,BY,1738322506
302,nova sintra,14.8667,-24.7167,73.92,71,0,29.64,CV,1738322507
303,inyati,-19.6756,28.8469,87.17,30,8,3.44,ZW,1738322508
304,conception bay south,47.4999,-52.9981,16.74,73,7,25.48,CA,1738322509
305,sungai penuh,-2.0833,101.3833,69.21,91,68,4.34,ID,1738322511
306,weno,7.4515,151.8468,82.35,83,75,8.05,FM,1738322512
307,myeik,12.4333,98.6,79.92,66,0,13.15,MM,1738322513
308,santa cruz,-17.8,-63.1667,75.25,94,40,8.05,BO,1738322514
309,quellon,-43.1167,-73.6167,49.64,83,9,7.58,CL,1738322515
310,tofol,5.3248,163.0078,80.62,79,100,9.75,FM,1738322516
311,hebron,31.5333,35.1,54.95,59,9,15.99,PS,1738322517
312,bandarbeyla,9.4942,50.8122,78.58,60,19,21.88,SO,1738322518
313,jinchang,38.4953,102.1739,27.5,34,96,3.89,CN,1738322519
314,sokode,8.9833,1.1333,92.03,11,49,6.31,TG,1738322520
315,barah,13.7,30.3667,84.16,13,15,15.01,SD,1738322521
316,klichaw,53.4928,29.3352,44.26,79,83,10.96,BY,1738322523
317,dibai,28.2167,78.25,76.71,35,0,3.6,IN,1738322524
318,kimbe,-5.5502,150.1429,80.44,82,43,1.7,PG,1738322525
319,savanna-la-mar,18.219,-78.1332,76.93,82,23,4.81,JM,1738322527
320,santa rosa de osos,6.6474,-75.4603,49.41,97,88,1.3,CO,1738322529
321,rottenburg,48.4763,8.9353,42.75,76,100,1.43,DE,1738322530
322,fort-shevchenko,44.5086,50.263,42.48,59,0,14.52,KZ,1738322531
323,lerwick,60.1545,-1.1494,42.76,77,86,8.84,GB,1738322532
324,constitucion,-35.3333,-72.4167,56.88,56,0,5.01,CL,1738322533
325,nouadhibou,20.931,-17.0347,62.58,51,0,31.07,MR,1738322534
326,springbok,-29.6643,17.8865,76.3,38,5,10.2,ZA,1738322535
327,kuanda,56.3161,116.0806,-8.12,99,100,1.1,RU,1738322536
328,wenchang,30.904,118.4887,43.77,91,100,5.14,CN,1738322537
329,miracema do tocantins,-9.5618,-48.3967,75.92,90,100,1.25,BR,1738322539
330,zhangatas,43.5667,69.75,28.72,87,100,7.7,KZ,1738322540
331,ramanuj ganj,23.8,83.7,84.34,14,0,12.66,IN,1738322541
332,parintins,-2.6283,-56.7358,74.79,96,94,2.77,BR,1738322542
333,haiku-pauwela,20.9219,-156.3051,71.26,95,100,27.0,US,1738322543
334,guarapari,-20.6667,-40.4975,78.62,70,100,8.7,BR,1738322544
335,beyneu,45.3167,55.2,41.94,52,4,5.55,KZ,1738322545
336,touros,-5.1989,-35.4608,83.82,60,97,11.74,BR,1738322546
337,vyshhorod,50.5848,30.4898,44.94,93,100,9.28,UA,1738322547
338,kruisfontein,-34.0033,24.7314,70.09,76,91,18.63,ZA,1738322548
339,minas de marcona,-15.2119,-75.1103,61.25,88,95,7.7,PE,1738322549
340,jawf al maqbabah,13.8378,45.8349,81.03,23,67,5.99,YE,1738322551
341,acaponeta,22.4964,-105.3594,59.13,54,87,1.59,MX,1738322552
342,fuqing,25.725,119.3794,56.8,94,4,2.46,CN,1738322553
343,manokwari,-0.8667,134.0833,79.5,84,93,10.38,ID,1738322554
344,katerero,-1.4,31.7333,79.83,47,46,10.83,TZ,1738322555
345,tangalle,6.024,80.7911,81.14,86,37,13.33,LK,1738322556
346,goure,13.9835,10.2704,81.23,12,33,16.11,NE,1738322557
347,nema,57.5067,50.5011,34.11,100,100,8.03,RU,1738322558
348,monteagudo,-19.8167,-63.9833,63.41,96,75,2.24,BO,1738322559
349,erenhot,43.6475,111.9767,7.2,78,36,7.87,CN,1738322560
350,tateyama,34.9833,139.8667,48.56,56,99,9.64,JP,1738322562
351,oliver,49.1831,-119.5524,28.31,74,100,4.61,CA,1738322408
352,georgetown,5.4112,100.3354,87.73,48,20,9.22,MY,1738322564
353,zeya,53.75,127.2667,-1.95,95,100,3.15,RU,1738322565
354,sinjai,-5.1241,120.253,77.88,87,100,4.27,ID,1738322566
355,alaghsas,17.0187,8.0168,79.66,11,48,20.18,NE,1738322568
356,tazacorte,28.629,-17.9293,65.37,55,75,18.41,ES,1738322569
357,pahasu,28.1833,78.05,76.35,36,0,3.65,IN,1738322570
358,new norfolk,-42.7826,147.0587,62.71,79,53,1.45,AU,1738322571
359,viedma,-40.8135,-62.9967,81.64,36,14,23.24,AR,1738322572
360,sakakah,29.9697,40.2064,65.77,18,0,6.26,SA,1738322573
361,arraial do cabo,-22.9661,-42.0278,84.06,65,40,17.27,BR,1738322574
362,glen innes,-29.7333,151.7333,63.01,98,58,10.42,AU,1738322575
363,chibougamau,49.9168,-74.3659,-16.98,83,0,4.61,CA,1738322576
364,la ronge,55.1001,-105.2842,-30.75,75,0,0.0,CA,1738322577
365,vetlanda,57.4289,15.0776,37.0,87,97,6.55,SE,1738322579
366,kuta,-8.7233,115.1723,82.35,83,20,6.91,ID,1738322580
367,mejit,10.2753,170.8646,79.57,74,99,13.89,MH,1738322581
368,rawson,-43.3002,-65.1023,75.49,31,0,21.85,AR,1738322582
369,hasaki,35.7333,140.8333,48.87,39,58,11.05,JP,1738322583
370,conceicao do mato dentro,-19.0372,-43.425,68.99,96,100,1.74,BR,1738322584
371,sablayan,12.8346,120.769,82.22,73,7,5.14,PH,1738322585
372,kourou,5.1552,-52.6478,77.05,88,99,9.01,GF,1738322586
373,xining,36.6167,101.7667,19.58,74,40,3.04,CN,1738322587
374,north battleford,52.7834,-108.2847,1.49,78,40,14.97,CA,1738322588
375,dunedin,-45.8742,170.5036,57.79,94,51,1.01,NZ,1738322589
376,flin flon,54.7682,-101.865,-31.67,99,6,4.36,CA,1738322591
377,prince rupert,54.3161,-130.3201,31.69,78,75,9.22,CA,1738322592
378,bor,56.3567,44.0669,40.93,98,41,7.0,RU,1738322593
379,el granada,37.5027,-122.4694,48.85,83,100,10.36,US,1738322594
380,yanbu,24.0891,38.0637,84.24,21,0,13.8,SA,1738322595
381,sandakan,5.8402,118.1179,78.48,94,20,0.0,MY,1738322597
382,fisterra,42.9049,-9.2629,52.63,74,100,9.75,ES,1738322598
383,tazovsky,67.4667,78.7,-16.13,96,94,8.34,RU,1738322599
384,yeola,20.0333,74.4833,89.02,16,50,9.69,IN,1738322601
385,smithers,54.7804,-127.1743,14.32,92,100,2.3,CA,1738322530
386,urangan,-25.3,152.9,77.99,76,18,15.46,AU,1738322603
387,monrovia,6.3005,-10.7969,84.24,68,22,4.0,LR,1738322604
388,lagoa,39.05,-27.9833,61.3,85,100,10.76,PT,1738322605
389,puerto deseado,-47.7503,-65.8938,53.87,77,52,40.49,AR,1738322607
390,lata,40.1629,-8.3327,49.06,54,44,5.75,PT,1738322608
391,antonio enes,-16.2325,39.9086,88.02,61,11,4.59,MZ,1738322609
392,lycksele,64.5954,18.6735,17.47,93,20,0.0,SE,1738322611
393,las tablas,7.7667,-80.2833,77.18,99,61,9.28,PA,1738322612
394,chui,-33.6971,-53.4616,72.07,70,67,5.91,UY,1738322613
395,xinqing,48.2333,129.5,6.46,94,100,6.78,CN,1738322614
396,miches,18.9836,-69.0476,75.34,86,17,11.74,DO,1738322615
397,kpalime,6.9,0.6333,94.26,38,44,1.83,TG,1738322616
398,ray,23.6833,85.05,84.4,15,0,11.92,IN,1738322617
399,gisborne,-38.6533,178.0042,62.4,85,26,5.19,NZ,1738322618
400,hammerfest,70.6634,23.6821,28.85,93,100,3.44,NO,1738322619
401,mokhsogollokh,61.4681,128.9203,-37.61,100,95,0.76,RU,1738322620
402,banda aceh,5.5577,95.3222,80.74,76,24,16.46,ID,1738322621
403,mont-de-marsan,44.0,-0.6667,52.54,87,0,2.3,FR,1738322623
404,luau,-10.7073,22.2247,77.38,61,100,8.1,AO,1738322624
405,tadmur,34.5608,38.2805,59.65,33,1,5.19,SY,1738322625
406,kiskunfelegyhaza,46.7121,19.8446,53.94,59,55,11.32,HU,1738322626
407,luwuk,-0.9516,122.7875,74.95,92,100,2.42,ID,1738322627
408,mariinsk,56.2139,87.7472,5.85,95,98,7.31,RU,1738322628
409,toliara,-23.35,43.6667,83.77,77,48,8.55,MG,1738322629
410,west bay,19.3667,-81.4167,77.07,88,20,6.91,KY,1738322630
411,trinity beach,-16.7888,145.6968,78.69,94,100,6.91,AU,1738322631
412,medicine hat,50.0501,-110.6683,23.72,87,40,8.05,CA,1738322632
413,port blair,11.6667,92.75,82.44,69,40,5.75,IN,1738322634
414,port lincoln,-34.7333,135.8667,68.67,69,0,16.75,AU,1738322434
415,chittarkonda,18.1167,82.0833,89.82,22,24,6.44,IN,1738322636
416,naze,28.3667,129.4833,59.92,65,17,12.03,JP,1738322637
417,portales,34.1862,-103.3344,32.99,54,0,11.16,US,1738322638
418,homberg,51.0333,9.4,39.54,81,40,11.5,DE,1738322639
419,agua prieta,31.3,-109.5667,25.59,74,0,6.91,MX,1738322640
420,akhaltsikhe,41.639,42.9826,41.34,57,4,1.1,GE,1738322641
421,berbera,10.4396,45.0143,79.72,59,0,14.79,SO,1738322642
422,gadzhiyevo,69.2551,33.3362,28.27,95,100,2.04,RU,1738322643
423,bamboo flat,11.7,92.7167,82.49,69,40,5.75,IN,1738322644
424,wynyard,-41.0,145.7167,61.2,66,60,3.0,AU,1738322646
425,indaparapeo,19.7833,-100.9667,39.88,81,0,0.0,MX,1738322647
426,saint-francois,46.4154,3.9054,44.04,71,40,3.44,FR,1738322648
427,guerrero negro,27.9769,-114.0611,53.47,83,0,9.98,MX,1738322649
428,el bayadh,33.6832,1.0193,38.07,72,100,19.75,DZ,1738322650
429,mitu,1.1983,-70.1733,70.12,99,43,0.47,CO,1738322651
430,camrose,53.0168,-112.8353,11.91,93,100,11.95,CA,1738322652
431,dhuusamarreeb,5.535,46.3861,92.16,17,32,20.54,SO,1738322653
432,yurty,56.0498,97.6348,-18.78,100,82,1.54,RU,1738322656
433,rehoboth,-23.3167,17.0833,88.86,21,50,3.51,NA,1738322657
434,ghat,24.9647,10.1728,70.68,17,8,14.92,LY,1738322658
435,al artawiyah,26.5053,45.3444,60.75,19,3,5.06,SA,1738322659
436,nguigmi,14.2495,13.1092,77.56,21,6,17.05,NE,1738322660
437,acapulco de juarez,16.8634,-99.8901,73.22,88,20,4.61,MX,1738322661
438,port augusta,-32.5,137.7667,72.73,58,0,12.5,AU,1738322662
439,sassandra,4.95,-6.0833,88.14,59,72,3.62,CI,1738322663
440,qamdo,31.1667,97.2333,38.97,21,10,7.85,CN,1738322664
441,kuraymah,18.55,31.85,81.48,17,37,16.73,SD,1738322665
442,massakory,12.996,15.7293,84.65,12,2,14.03,TD,1738322666
443,tannum sands,-23.9504,151.3693,80.49,74,75,12.66,AU,1738322668
444,sittwe,20.15,92.9,74.95,67,41,13.04,MM,1738322669
445,kill devil hills,36.0307,-75.676,55.42,90,100,6.91,US,1738322643
446,zhezqazghan,47.7833,67.7667,19.98,79,100,4.47,KZ,1738322671
447,sitka,57.0531,-135.33,24.69,80,75,3.44,US,1738322672
448,yangjiang,21.85,111.9667,66.34,81,99,5.5,CN,1738322673
449,pisco,-13.7,-76.2167,68.05,83,0,9.22,PE,1738322674
450,grand falls-windsor,48.9332,-55.6649,10.51,82,99,17.94,CA,1738322675
451,staryy krym,45.0333,35.1,54.21,46,100,5.08,UA,1738322676
452,vyaz'ma,55.2104,34.2951,41.29,75,98,9.1,RU,1738322677
453,yarmouth,41.7057,-70.2286,36.97,82,0,13.8,US,1738322679
454,akureyri,65.6835,-18.0878,17.53,73,0,9.22,IS,1738322680
455,novodvinsk,64.4165,40.8122,33.55,93,100,4.7,RU,1738322681
456,amga,60.8953,131.9608,-39.33,100,62,0.69,RU,1738322682
457,ongjin,37.9347,125.3619,29.35,73,100,5.68,KP,1738322683
458,tra vinh,9.9347,106.3453,75.74,59,100,3.96,VN,1738322684
459,suva,-18.1416,178.4415,74.68,100,100,0.0,FJ,1738322685
460,dwarka,22.2394,68.9678,73.15,54,2,14.14,IN,1738322686
461,washougal,45.5826,-122.3534,43.88,93,100,11.5,US,1738322687
462,pathein,16.7833,94.7333,79.02,41,4,12.1,MM,1738322688
463,neiafu,-18.65,-173.9833,80.01,68,100,14.38,TO,1738322689
464,nassau,40.7507,-73.5829,41.79,93,100,10.36,US,1738322691
465,nago,26.5881,127.9761,63.18,73,94,9.33,JP,1738322692
466,trairi,-3.2778,-39.2689,80.98,77,75,7.85,BR,1738322693
467,vanimo,-2.6741,141.3028,79.9,86,100,7.14,PG,1738322694
468,huarmey,-10.0681,-78.1522,69.55,88,89,5.55,PE,1738322695
469,bedugul,-8.2847,115.1606,58.95,92,100,1.34,ID,1738322696
470,buncrana,55.1333,-7.45,46.17,78,10,2.75,IE,1738322697
471,waingapu,-9.6567,120.2641,79.38,81,100,13.96,ID,1738322698
472,zagora,30.3484,-5.8365,53.51,30,1,1.16,MA,1738322699
473,chonchi,-42.6128,-73.8092,49.12,96,28,2.35,CL,1738322700
474,alesund,62.4723,6.1549,41.14,69,20,5.75,NO,1738322702
475,gargalianoi,37.0667,21.6333,56.05,73,55,9.62,GR,1738322703
476,raseiniai,55.3736,23.1217,41.63,87,100,5.17,LT,1738322704
477,noosa heads,-26.3833,153.15,77.9,75,4,11.99,AU,1738322706
478,uribia,11.7139,-72.266,78.4,70,100,26.44,CO,1738322707
479,zhenlai,45.8495,123.2973,-3.32,91,2,4.81,CN,1738322708
480,agnibilekrou,7.1344,-3.2047,95.47,34,71,0.45,CI,1738322709
481,quang ngai,15.1167,108.8,67.14,90,60,2.71,VN,1738322710
482,hadibu,12.65,54.0333,77.85,56,51,15.1,YE,1738322712
483,molde,62.7375,7.1591,35.44,87,75,1.14,NO,1738322713
484,tual,-5.6667,132.75,82.78,79,98,15.64,ID,1738322714
485,gao,16.6362,1.637,81.88,12,100,14.61,ML,1738322715
486,kidal,18.4411,1.4078,80.11,12,61,10.16,ML,1738322716
487,westport,41.1415,-73.3579,37.8,85,100,4.61,US,1738322501
488,francistown,-21.17,27.5079,90.91,21,8,4.38,BW,1738322718
489,hakha,22.65,93.6167,63.52,34,85,4.88,MM,1738322719
490,turpan,42.9333,89.1667,32.61,30,100,2.75,CN,1738322720
491,jackson,42.4165,-122.8345,40.71,84,100,3.44,US,1738322721
492,puerto carreno,6.189,-67.4859,80.58,69,0,11.5,CO,1738322722
493,antofagasta,-23.65,-70.4,69.08,84,69,3.44,CL,1738322724
494,crane,31.3974,-102.3501,44.17,43,0,9.28,US,1738322725
495,inarajan village,13.2736,144.7484,82.4,83,77,23.0,GU,1738322726
496,selfoss,63.9331,-20.9971,28.72,79,100,14.14,IS,1738322727
497,mangrol,21.1167,70.1167,73.8,57,6,18.1,IN,1738322728
498,manacapuru,-3.2997,-60.6206,76.32,92,96,3.83,BR,1738322729
499,merizo village,13.2658,144.6691,81.99,83,83,22.97,GU,1738322730
500,kushiro,42.975,144.3747,29.35,74,75,5.75,JP,1738322731
501,virrat,62.2476,23.78,32.05,90,94,6.44,FI,1738322732
502,dawei,14.0833,98.2,79.48,71,45,10.8,MM,1738322733
503,timmins,48.4669,-81.3331,1.22,85,100,3.44,CA,1738322735
504,santa cruz del sur,20.7147,-77.9956,72.19,86,12,14.52,CU,1738322737
505,along,28.1667,94.7667,53.1,96,100,1.61,IN,1738322738
506,hobyo,5.3505,48.5268,80.74,56,82,24.0,SO,1738322739
507,paranaiba,-19.6772,-51.1908,73.36,91,100,7.4,BR,1738322740
508,san antonio de pale,-1.4014,5.6325,80.91,76,98,6.46,GQ,1738322741
509,bandarban,22.1965,92.2262,76.12,59,81,4.0,BD,1738322742
510,ardanuc,41.1274,42.0629,53.08,64,14,2.77,TR,1738322743
511,casilda,-33.0442,-61.1681,72.79,41,0,8.01,AR,1738322746
512,kachug,53.9606,105.8817,-22.38,100,37,1.52,RU,1738322747
513,usinsk,65.9939,57.5281,18.81,95,93,9.31,RU,1738322748
514,zayed city,24.3768,54.589,71.74,40,20,17.27,AE,1738322749
515,shubarshi,48.5872,57.1869,28.0,93,99,5.88,KZ,1738322750
516,narrabri,-30.3167,149.7833,79.52,69,0,5.01,AU,1738322751
517,dzilam gonzalez,21.2833,-88.9333,74.86,86,88,5.97,MX,1738322752
518,lisala,2.15,21.5167,101.48,13,27,1.81,CD,1738322753
519,pechora,65.1472,57.2244,23.04,95,100,7.05,RU,1738322754
520,negombo,7.2083,79.8358,82.45,94,40,4.61,LK,1738322755
521,bodaybo,57.8506,114.1933,-12.05,98,100,0.45,RU,1738322757
522,belvedere marittimo,39.6179,15.8617,58.6,53,29,2.48,IT,1738322758
523,kailua-kona,19.6406,-155.9956,78.76,87,75,25.32,US,1738322759
524,kaihua,23.3687,104.28,52.48,85,28,7.7,CN,1738322760
525,loango,-4.6719,11.8312,83.23,72,94,8.25,CG,1738322761
526,parola,20.8833,75.1167,91.4,16,22,3.11,IN,1738322762
527,dali,25.7,100.1833,53.08,49,11,7.27,CN,1738322763
528,tekkali,18.6167,84.2333,81.21,64,1,10.02,IN,1738322764
529,nyahururu,0.0421,36.3673,71.92,34,10,11.36,KE,1738322765
530,souillac,-20.5167,57.5167,88.18,66,40,10.36,MU,1738322766
531,burumburum,11.3911,8.7234,82.9,13,31,12.03,NG,1738322768
532,vire,48.9167,-0.8333,40.73,95,100,12.82,FR,1738322769
533,xam nua,20.4197,104.0439,65.77,46,63,3.15,LA,1738322770
534,mandalgovi,45.7625,106.2708,2.35,90,88,2.37,MN,1738322771
535,guadalupe,25.6833,-100.25,61.21,61,75,0.0,MX,1738322772
536,smirnovo,54.5125,69.4222,-3.26,98,31,4.43,KZ,1738322773
537,holon,32.0114,34.7722,68.11,52,40,11.5,IL,1738322774
538,fukuecho,32.6881,128.8419,50.0,53,94,6.85,JP,1738322775
539,sidi khaled,34.387,4.9879,59.34,41,74,16.33,DZ,1738322776
540,bandon,51.7469,-8.7425,45.99,82,69,2.33,IE,1738322777
541,mar del plata,-38.0023,-57.5575,73.83,83,0,6.91,AR,1738322779
542,szombathely,47.2309,16.6216,47.05,63,100,3.18,HU,1738322780
543,strzelno,52.6279,18.1725,39.88,91,100,14.43,PL,1738322781
544,minot,48.2325,-101.2963,16.02,86,100,16.11,US,1738322782
545,erdenet,49.0333,104.0833,-8.5,100,91,0.67,MN,1738322783
546,liwa,24.5361,56.5656,73.42,43,1,18.41,OM,1738322784
547,goundam,16.4145,-3.6708,81.61,9,20,17.0,ML,1738322785
548,quatre cocos,-20.2078,57.7625,88.09,68,38,11.32,MU,1738322786
549,los frentones,-26.4077,-61.4137,74.26,61,0,3.27,AR,1738322787
550,brookings,44.3114,-96.7984,28.45,82,3,11.34,US,1738322748
551,guiuan,11.0333,125.7247,82.35,82,84,17.76,PH,1738322789
552,piti village,13.4626,144.6933,82.45,78,40,14.97,GU,1738322791
553,louis trichardt,-23.0439,29.9032,92.55,32,44,5.17,ZA,1738322792
554,la punta,-33.1837,-66.3127,75.65,44,0,8.86,AR,1738322793
555,saint-pierre,-21.3393,55.4781,87.48,66,100,5.75,RE,1738322794
556,emet,39.343,29.2585,54.05,52,36,5.28,TR,1738322795
557,faya-largeau,17.9257,19.1043,78.03,14,3,25.72,TD,1738322796
558,sanya,18.2431,109.505,73.56,83,0,2.24,CN,1738322692
559,la'ie,21.6477,-157.9253,75.16,85,49,4.0,US,1738322798
560,bikenibeu village,1.3673,173.1241,80.56,83,20,9.22,KI,1738322799
561,malabar,-33.9667,151.25,73.11,80,100,11.5,AU,1738322800
562,lorengau,-2.0226,147.2712,82.15,80,100,7.56,PG,1738322802
563,salmon arm,50.6998,-119.3024,34.92,86,100,2.3,CA,1738322702
564,lewistown,40.5992,-77.5714,35.62,92,100,0.0,US,1738322804
565,puerto baquerizo moreno,-0.9,-89.6,75.18,89,70,5.35,EC,1738322805
566,totness,5.8833,-56.3167,76.84,86,70,9.35,SR,1738322806
567,shelbyville,35.4834,-86.4603,61.03,100,75,9.22,US,1738322807
568,taroudant,30.4703,-8.877,59.13,30,19,1.77,MA,1738322808
569,el hamma,33.8915,9.7963,63.72,23,63,10.63,TN,1738322809
570,funafuti,-8.5243,179.1942,78.8,94,75,2.3,TV,1738322810
571,koz'modem'yansk,56.3367,46.5711,35.47,97,100,7.96,RU,1738322811
572,afif,23.9065,42.9172,64.24,33,19,6.31,SA,1738322813
573,acarau,-2.8856,-40.12,79.84,82,100,6.91,BR,1738322814
574,mynamaki,60.7446,22.0243,34.11,90,100,3.83,FI,1738322815
575,labasa,-16.4167,179.3833,75.78,91,100,5.03,FJ,1738322816
576,kamaishi,39.2667,141.8833,29.59,66,25,8.88,JP,1738322817
577,manismata,-2.4667,111.0333,77.52,88,59,4.83,ID,1738322818
578,poli,-3.3333,36.8,74.07,51,92,2.8,TZ,1738322819
579,ingeniero jacobacci,-41.3427,-69.5448,57.78,61,0,11.77,AR,1738322820
580,edson,53.5835,-116.4356,8.74,85,100,9.22,CA,1738322821
